row_id,prediction
UCl-VnCUwSxDr5zPu-YlDUYw_2026-09-01,0.6147776081347922
UCnkytUgy0CtWd06up9CjNxg_2026-09-01,0.14422063332866858
UCpI-AhCT02iQRGLC2ZcY0Jw_2026-09-01,0.13042627946177024
UC9otskL_kd-0CDib_5Lj-mQ_2026-09-01,0.4242087205370596
UCSzHok6X5qXEO7cjvVnE62g_2026-09-01,0.1879268052854599
UCWU2V62eLE3oQ7AjIGS2STQ_2026-09-01,0.8059043341113827
UCSfhr4gDPFsKuwdmTOWp2jw_2026-09-01,0.961673659862593
UCnhGcri8x6xhehanhAe9ipw_2026-09-01,0.23840560287705267
UCoH2pCzAr6zWDG-LtUiLWRw_2026-09-01,0.11211151333013744
UCUt2AEhC-OOC2EPCzj4DkCw_2026-09-01,0.6218101850610829
UCrfB1-zWijAYkgfZW7Ehc8Q_2026-09-01,0.2471752461902803
UCBTsPtRCh6ln3IRQFjhjh1A_2026-09-01,0.06172915815325632
UCUbOogiD-4PKDqaJfSOTC0g_2026-09-01,0.040647568840651495
UCnCH3Uhv_ynhTNKEH6ekRtg_2026-09-01,0.24940926098614846
UCqIwPYLfMd3EoWYwvyTjPnA_2026-09-01,0.23839633353258494
UCY_vDlvG-BTDRIOk_I9QQ6g_2026-09-01,0.8221321646670772
UCZ-UuK86Bk5sGzQQ2cEglJQ_2026-09-01,0.02820314512514359
UCv1tOT645xHOJrwdGlzjMaA_2026-09-01,0.21273129543660035
UCuWDza8A_ntbjwBZgW0ZSNw_2026-09-01,0.610960363038296
UCrXfM4HsibSucC_NlIY7v0Q_2026-09-01,0.9281876880541418
UCYGF_xk5RDpltyZDSx040uw_2026-09-01,0.2266086244399923
UCZudBEEhIf6i8XIZZn3QDvA_2026-09-01,0.5415858521578863
UCbFzvzDu17eDZ3RIeaLRswQ_2026-09-01,0.08476734444309314
UCrY2B2XX41ReYh9DIWrFfCg_2026-09-01,0.4770001016049529
UCyiKngyUPUb1bka4yFrn65g_2026-09-01,0.9407429035643362
UCybfHuHkJRzGDymek2Dsqvw_2026-09-01,0.08062857754570368
UCEuP8zMn3ln3ZqJa85dp9JQ_2026-09-01,0.3456604908645711
UCvPDPTxTLitVEyGu4Xt6m8g_2026-09-01,0.2841711223243206
UCDHGqgpiHQAsE0UiltRqhfQ_2026-09-01,0.26412694155310495
UCJoWNCiFuiN4eZnB80WUf4Q_2026-09-01,0.1269819445075095
UCLHwMFguUxHVSk91vzicEJw_2026-09-01,0.06775679152110907
UCRpdlPk671uOMiBtf5HtB3Q_2026-09-01,0.18845395450405883
UC5grrciAyUF4xjd42XhV-1Q_2026-09-01,0.6103046971812249
UC783XWULPW-nDGv_0EYlB6Q_2026-09-01,0.17359496518956416
UCJpAwvQaZyCI5spAz7tipGA_2026-09-01,0.09893240127844503
UCNmN3W2H0r5_hV2drzbEn7Q_2026-09-01,0.5946056643159053
UCi5yzN6jpdz2akGTm-mJSKQ_2026-09-01,0.947901473323989
UCjyXK9pWHwWR_-bRibFaWDg_2026-09-01,0.16569319961236575
UCZPfs7xIjGmOGs9kvgGhUKQ_2026-09-01,0.7998285619804741
UCepHesz_5Lwr7qRaqjB-p1A_2026-09-01,0.04904647924379953
UCfIUuMA7U_jImP7oWfTe4Pw_2026-09-01,0.1400921414812568
UCby0vMKcLR05ZdS90aZd5og_2026-09-01,0.9056909564687085
UCQJuZxeDv2P05YHcC-tIEVQ_2026-09-01,0.21049797273423423
UCp_jHNjcoiXC7SlElrBmzBA_2026-09-01,0.9187381012964185
UC-2wa6jvprl7hfCpvw0ULzg_2026-09-01,0.31268965026379447
UCvPGGL-OTEAQlwAUxbcJO8g_2026-09-01,0.01907096185406063
UCEg24oF81p-THPtp3otdmTA_2026-09-01,0.1747839021521294
UC-yb5eNBQyXBE9nZnht9u-g_2026-09-01,0.6247859764389141
UCCMQyaKDjQJY79VimTdaYYQ_2026-09-01,0.15031258922410712
UCO94iFhOhtdGb4Ze5DUAtbw_2026-09-01,0.649941833105912
UCQfd-b9GRBrUP0-wCqabLTA_2026-09-01,0.7489431215704999
UCWH9vqm4yM9MHiSUPTfdJYg_2026-09-01,0.4614981071162301
UCDBAVzfX3yZ1hah0FHnOoaA_2026-09-01,0.12624325675619347
UCD2YO_A_PVMgMDN9jpRrpVA_2026-09-01,0.07511087473338761
UCDYAog4sNhwQ5pXtAZiT0Og_2026-09-01,0.35652889791834674
UCXS55IczImEf64aU16NzKlg_2026-09-01,0.6944858505367733
UCab17MxxnFtAhGsJVTkSkCg_2026-09-01,0.7825627016385626
UCQuY08EEKLFOp0D37Sfpd0A_2026-09-01,0.4985130384713431
UCeiDuGZqWT4iiIXRTfhM3qQ_2026-09-01,0.6242101564730478
UCdcjduaR6hyGHVNmpbJzSsw_2026-09-01,0.8411125995419777
UCBvKuSAkXERBnGSQOH0Sarw_2026-09-01,0.48339550754079297
UCdb5lyq0tWbY3jqH35SufmA_2026-09-01,0.3119843805310933
UCaHIZAKows704_gk6bjdAog_2026-09-01,0.14232414138851593
UC5RxNUZ9_c94ZEfJGnJZmTw_2026-09-01,0.8639082041030739
UCb5NLtXAsTBrmaZVhyFa-Wg_2026-09-01,0.12078317448901756
UC7nIK3KpkhbGee5K_sVBscQ_2026-09-01,0.5623799117548288
UC7bcRlidTERRb_MKRHPVSnw_2026-09-01,0.026270972928490226
UC4ncZM9bnBknxPkJbq4miHQ_2026-09-01,0.3118384326166247
UC3Z9lUjG5BU60sce2-Axbjw_2026-09-01,0.5616059462153757
UC3Oe-jfrIqEGygxYBYyN6jQ_2026-09-01,0.5612523891350276
UCBtJuwDt6LlXp2YASC-ZMdA_2026-09-01,0.6313066946484696
UC3hCAmwyYNgRuOOSFV7evVA_2026-09-01,0.4860404823993504
UC3pTpoDKt17IrCDH60kSNPA_2026-09-01,0.8960433154953531
UCkd3KAYGnTNPJZZrPOFeWhA_2026-09-01,0.43530370593129686
UCsmsw8102lekPyVYwKMHxmA_2026-09-01,0.9846284307340223
UCtLWxhEMKOio-GzdVJ1CVhg_2026-09-01,0.9788578232160818
UCkrNv6xF8j7QZmWb3UeAH8A_2026-09-01,0.7711058636997722
UCkoszQp0YiJa9lGm_wK0xGQ_2026-09-01,0.5070128299972639
UCraf4ugZTyvFY6AJ0VjIxFA_2026-09-01,0.8371172359386321
UCsuanL5kXO29Uzz3MWlBsMQ_2026-09-01,0.7902298791586451
UCtGMgPWJNU2Aj-SNK0zg0Sg_2026-09-01,0.9473171042685335
UCrExV5uWnC3-WUnUN2Ck8HA_2026-09-01,0.9220391893928497
UCqyzJW0VRYRP_sFELZYdxGg_2026-09-01,0.7331667754689395
UCK1aVlIbEBrdhv-gbSgGIkQ_2026-09-01,0.8728708952569051
UCKrprPfevcAZpPuRnCO6xOA_2026-09-01,0.7794644831579545
UCMAfHuocszM6UTORPwUmeNw_2026-09-01,0.6222564190434365
UCM81CAJ2_Y42-bvK1OQnAAA_2026-09-01,0.20504409419239078
UCJJZkVUNIxq8XNDzHiAD-eQ_2026-09-01,0.19455592028112068
UCcstDLbuhxEbFKkPZ6wST2A_2026-09-01,0.3794541559375029
UCULRVjf5z_WoR106msn8HoA_2026-09-01,0.17059983800660083
UCcJliZnsRbNw4I4uWSGq_wA_2026-09-01,0.8956530897998349
UCJmnOEp1-OITEU0mk4icM5A_2026-09-01,0.06885331951925694
UCZ6mNZTiTUrUSbSYPlclI4A_2026-09-01,0.9124650214642818
UCp6n8d8Y8r3MwKNw_MMaouQ_2026-09-01,0.3590062483034214
UCeOXoe4zJCBTBwHN1M_djUw_2026-09-01,0.8945669576861839
UCgO8sNnksVuKcuTVTQKSK3A_2026-09-01,0.2296328551239254
UCgLFbrC7-g0ihBKB0obVPTg_2026-09-01,0.9782824520180616
UCJDXc9JWCZo-nLNKr_-L2Ng_2026-09-01,0.49673000417402724
UChHxLcNi7e0zu-e33HM6v6A_2026-09-01,0.1507486866074172
UCwfbSsZ7_sccxcibe60mWlQ_2026-09-01,0.32302957580877834
UCifCesg-EUkjKyQedaB3hRg_2026-09-01,0.3831220416425891
UCcgkgKhXT6QwdGj9Nr8PBcg_2026-09-01,0.15153924965936136
UCdQHEqTxcFzjFCrq0o4V7dg_2026-09-01,0.19736945601227876
UCcHVk5SFxfYhCbbX8pWWuVg_2026-09-01,0.42716377873219114
UCwBkHOTyu57NQi0syf5MLig_2026-09-01,0.22518460760550785
UCfcfymsN3OMo2cfmbpGTanw_2026-09-01,0.17928688206179788
UCfjMjhfjRRy8B0mfqbO_43w_2026-09-01,0.07677653805728449
UCjSNmS8qcD1jEdQhU5h-zKQ_2026-09-01,0.7985321565947341
UCww3MeqGQnIatVvEr3pSjhA_2026-09-01,0.6988275123923822
UCwlUB3goOsh4tpqZKIzUAbA_2026-09-01,0.16570697801204737
UCjUnlBpn0Z1L450g79fniRg_2026-09-01,0.9194770055180871
UCz4b1O9sT73P8DWwx6OvQwg_2026-09-01,0.17263241216254788
UCVey3Q_CodrHAWBonTGbHFg_2026-09-01,0.4677573287490175
UCVnp5Jumir-XIyeejktUhlg_2026-09-01,0.7263365036071112
UCPuD5ZRQWa_JCaY5NokNhtg_2026-09-01,0.8913479675134626
UCeRn_02zEifLqXxZkTpiXzA_2026-09-01,0.6013092506439461
UCikKJvpU0Ylua4hRW6faQRg_2026-09-01,0.6587693185932707
UCZNTsLA6t6bRoj-5QRmqt_w_2026-09-01,0.04065505424526929
UCy8OX8RrstkjRrnM5hND_ug_2026-09-01,0.9623918822025948
UCyZXLzORHoh9QMwA7IwS0pA_2026-09-01,0.9707680858528277
UCvrxJgD0T_TFvgsO2nA-fDQ_2026-09-01,0.10338067968490199
UCxpXguPL_B5pz7Gq8ozfwlA_2026-09-01,0.5821319566086598
UCz5UFGucIyJGH0nf_8d0ghA_2026-09-01,0.8698031287116896
UCYG8tuvbQzWsDeoADyJFU8Q_2026-09-01,0.6163138145682837
UCuZ862fZel1gq9RAf_OkvqA_2026-09-01,0.28036727267749895
UCzVXdulvpgEoI8yuFMmhxJw_2026-09-01,0.3400150257148787
UCvuc6-wCcCeDrQ9dA52pBBQ_2026-09-01,0.9291497271296504
UCuFguUhr9Wr0tFY85nDGk9w_2026-09-01,0.5107976843153799
UCzps05UZ7XpX3SFoFyYIDow_2026-09-01,0.16506278790698325
UCYJ0Ucu9jPX5kn6SeDcNaIQ_2026-09-01,0.12102437701892776
UCQSEAbOs6vsJfy7WN7iYaGQ_2026-09-01,0.39078555956535743
UC00raQBBBGagQthJ01ZYIIQ_2026-09-01,0.7993248924912917
UCJzfS-WmieHog0H2OQoXkeQ_2026-09-01,0.3551562873252525
UCnju7ULBic4VgkCfDvVXCnA_2026-09-01,0.4600702089744705
UCNNR1-x2NhZARsNGnQlh2sQ_2026-09-01,0.45409549056694826
UC-S8JFhLkQ5enhB70c2CYIw_2026-09-01,0.02849332692075363
UC0PMQXAwF6O6aeTpv962miA_2026-09-01,0.23686719082728735
UC0aKwoKNeqBaUwiEXmkQaGQ_2026-09-01,0.1679523488380193
UC2WBkFH1nHcO6aFLWo6sZQg_2026-09-01,0.3829361185533017
UC0tmAwhgk_1ATJtFyVHrFxg_2026-09-01,0.14845506719389331
UC24GgPBq5W3v34z0p0uk1Ow_2026-09-01,0.9902472152177251
UCKUUL3fMVvYVZdGkKhhjP0A_2026-09-01,0.2976985446575664
UCL2ZLyAV0H9Pvi46W7TGdHQ_2026-09-01,0.28048309101506513
UCYJDUekoQz0-bo8al1diLWQ_2026-09-01,0.2950192911098994
UCaY7wcqhFb_c2eQ1eRB8rOQ_2026-09-01,0.21875915988595895
UCnMshUhBxDsKFPnxBGmGEpg_2026-09-01,0.9411572411296051
UCjsqgRBvkn8XadWraSQxTKQ_2026-09-01,0.97982860570086
UCgeazIBHz3JS7ft7_nyj-0A_2026-09-01,0.5995953060505814
UCfq-5-0b5Lzj7cKCrp6-flA_2026-09-01,0.9072342653568106
UCjiPEaapiHbJMoAdi_L8fNA_2026-09-01,0.4855571541736371
UCjBPx2oip2bKnnfqKyas0ew_2026-09-01,0.8424428279862108
UCiE9ZR51IeGPRbD4_Px6_Fw_2026-09-01,0.25998247116546475
UChKYbZ9fSz8DMM6wU-t1lMQ_2026-09-01,0.41101893797582945
UC86GXx7Ap-Cahlb0r0xT-ZQ_2026-09-01,0.4751045889264427
UCd6CX2LiQE2dEAPXwk2N0jg_2026-09-01,0.06432212095492784
UCQzgMwT5Q6x-Mtq65HRS_0Q_2026-09-01,0.49691600577931083
UC9vz3TBChrJmYbzUo-rqfSg_2026-09-01,0.1492636844324851
UCSh__r5HS4Y1xBkccWnV0TA_2026-09-01,0.347763646948635
UCS-X1uBDTNwAYyydiXjcX9A_2026-09-01,0.7933748431364175
UCSkCNddZwo__x-iUr-KDFWw_2026-09-01,0.4072931947277402
UCSl8TBqqflby-ymdEQVfRNQ_2026-09-01,0.2915973395610793
UCOgXOOKbZRtfQvlggBpN6zw_2026-09-01,0.917698105721825
UCcum1rCJ5GJeQ_xv0xrohqg_2026-09-01,0.2584329600851065
UC_RRZdJk55ShXE-9d3deRUA_2026-09-01,0.5038454667869097
UCPN9TrChCye1s97iEUOsIeA_2026-09-01,0.7246861251630676
UCBo7GIv99qTzHaa6ip09YLA_2026-09-01,0.7826333411438198
UCTmniSiCVyG_UKVCEa9PNKA_2026-09-01,0.7928694290429573
UCamHctB9_ZaFO9vZElnl_Yw_2026-09-01,0.6915434500861348
UCa4clnMsHg6uJPpxKbxCEmA_2026-09-01,0.2839689515321139
UCarBV0zWlC2k-HteyeKqfag_2026-09-01,0.4676329246410975
UC3RzmV2LX3AmWhZVx0A7u0A_2026-09-01,0.14035367025213724
UCeBa5aBvHvly34S0Uk9Wqig_2026-09-01,0.674359362512955
UCaj7p2XHGqfBYb2OI-7Q2DA_2026-09-01,0.04169034895791454
UCDLDbittWhk2KXvaCT0YpZQ_2026-09-01,0.18760344826191375
UCD8r5Jgns2V64-NcUmXclpg_2026-09-01,0.06381069534970302
UCtUHgx7SA_eZFssVODDh82A_2026-09-01,0.31265451242815157
UCkphwoGMBs2_0raLOqu9aQw_2026-09-01,0.9404376136727677
UCm6Y-gVqhlhX4FzrJCtsSzg_2026-09-01,0.22757341580325724
UCmcBe97VA2LqVEQUeeZl6Ew_2026-09-01,0.02898499091282697
UCEcRvF_6IRSux8FO-ogFZug_2026-09-01,0.16027093457009095
UCGW76VChAJKee9kYzvyoycQ_2026-09-01,0.8050720417628546
UC5WN-znPsJK0BbA8aHxZHWQ_2026-09-01,0.7106487589600898
UCaova9Q4UZLPqFnSvq8VxzA_2026-09-01,0.16213621832924263
UCaN3tSrrzIrXSDonEe7LK9A_2026-09-01,0.8929471610755324
UCHCeN9BUgogMGrHBC6zKYvA_2026-09-01,0.5813855814790102
UC6JTm9ObvQFuTEOxOsbmYwA_2026-09-01,0.2724666935034123
UC7hwQp3F6P_OwyRM14p88iQ_2026-09-01,0.3144724384571056
UC7wtTnMorJi_d93lb_P2Xow_2026-09-01,0.44775834929115826
UCqPN9LAkx20aBWOafwvQB-Q_2026-09-01,0.18184430721878264
UCIsrVj53L57rcLAPOre4Xhg_2026-09-01,0.1833892454941417
UCHbz27HAkCIQNw_G2Pa7XVg_2026-09-01,0.28526969408274905
UCqVkQsNin4MdGFrWvzFVOKw_2026-09-01,0.2930139942867251
UCta3D5-EYqO-pduQLxQ8mNQ_2026-09-01,0.7247058727563317
UCqjUPx-UAFHVvthd71bY7_g_2026-09-01,0.6228468148129853
UCAenntxQB3F7AH637vySglg_2026-09-01,0.6400496270932813
UCATlfGN7EDjXS_2ofklb3bw_2026-09-01,0.47492670706691165
UCvagJYsZ_uvB3jJoNwuimZQ_2026-09-01,0.709311234674602
UCrxzkAOXEbflxcTbRYnCoTw_2026-09-01,0.33922505248483636
UCk3w4CQ_SlLH4V0-V6WjFZg_2026-09-01,0.14733152294690538
UClHTjLVog7CkRF8tYJuNXXQ_2026-09-01,0.9282065227857532
UC_O4_e0nbsMoU1rg7JU_nwQ_2026-09-01,0.07330498715763585
UC3BUvshHmW_-ReQX1B_EeOA_2026-09-01,0.6964512630597919
UCeB_ZeSo0xDL62wWlkTEtjA_2026-09-01,0.12210868709137437
UCOaUTqrtz1yBBiwziVJEAmQ_2026-09-01,0.6261063922657556
UC-aXNBQ6nwMNeW2V8XB7sBg_2026-09-01,0.9327481979331459
UCXCa03lRK6tlntZoJ7TUWRw_2026-09-01,0.29692657917971055
UCXQoI3upwKr47JAiVaYkvIw_2026-09-01,0.4690521403066249
UCNymqCXr3sxL8dnmO_jScuA_2026-09-01,0.31889560241719533
UC14G5tdSndPhP47RTVgMXcg_2026-09-01,0.8909588221394613
UCJj2vuQIpFnk5pbTAtCi3yw_2026-09-01,0.3613397630878342
UCMZFHqDjg1IE5kzm9fZBOFw_2026-09-01,0.5275190380684083
UCc1VJX_5Z2RdGi58XU4IfbA_2026-09-01,0.6526269129856019
UCT807kAu6fmwES8B5698e2w_2026-09-01,0.2952165507515653
UCS7gEaMmBPAaI8dHNnrSofg_2026-09-01,0.27590082446514297
UCcp8n8YZXg5qko87BgVwg1A_2026-09-01,0.3208898428362736
UCzDyC6JMEXEufozffWzI9Mg_2026-09-01,0.5613754073657793
UCZPBWThSlgWT0DVaxxUEX4A_2026-09-01,0.8073318719595003
UCZuT6NXrfZzYbqCG_RWgSgA_2026-09-01,0.9439370446769332
UCuWcjpKbIDAbZfHoru1toFg_2026-09-01,0.6272406400209454
UCztGUZP5cCuIZDViaJanLKQ_2026-09-01,0.7092456128938867
UCzSODDx0zQF3nxXOZISCm_w_2026-09-01,0.6479303609883562
UCWjfI3wnNOgQCTu2SijfgMg_2026-09-01,0.6652602454345471
UC1Il94cQwl93Zun8ax1Qjlw_2026-09-01,0.9090224855533401
UC2OFe8XUEqDT3eJGO-0EDNQ_2026-09-01,0.9025094459981281
UCv0cBz_Vdmd84xYl7gKWwQA_2026-09-01,0.6305673518441665
UC7gozbdUqpQOYN1og_d-J9g_2026-09-01,0.623268952658382
UCw55Gv3z7xgtG34fOP1-Aiw_2026-09-01,0.7050453640556448
UCIXQkaLrM7_t87SEM_pmHpA_2026-09-01,0.797043494779917
UCA2ztZuXhSktpdxb419WvCQ_2026-09-01,0.7396356841865909
UCAaLhok91QDrweyuDRsmjqQ_2026-09-01,0.06205112575470201
UCA9f2-9fUklMMOaz8vKW7Jw_2026-09-01,0.6862686921353509
UCP8Q-Ku5_RkANynqDFzDWnQ_2026-09-01,0.6836867957431568
UCTVkjiEiaiSbEq0Qwd5XTPA_2026-09-01,0.9283937525305205
UCAEQiQ4Mg6fFkPshBMhPaxw_2026-09-01,0.8339852796658107
UCg80LjrsnWo0T3T3uYCPhrQ_2026-09-01,0.5349762293092246
UCGi94VU356EAvQLgODywyrA_2026-09-01,0.5759555471165022
UC9FRxVaiS2aY0ANaWLP8SMg_2026-09-01,0.7924832119496827
UCHK-FRuAjk8g798dD7L7xqA_2026-09-01,0.38139445702862146
UCH29Gz8a6veRLqUxzjBXHrQ_2026-09-01,0.1722926526788872
UC9zmo9x1o7xAfgM1Fw3Dg4g_2026-09-01,0.7183057063517486
UCcJ_oPUSkS_h96_PuizxMGA_2026-09-01,0.843759372908877
UCYTQCmuFcacJJ_Tad20qqEw_2026-09-01,0.13876329946739913
UCXqP0RsJo6-y-MrKz6k8H-g_2026-09-01,0.92350360218394
UCL3ooD3l7KEqb85EBZSEkZQ_2026-09-01,0.5918883564218426
UCtjBNJ4UbuWGLe-415urMOw_2026-09-01,0.39727227228122997
UCzT9VqGDsCxleSmXzJ80hBQ_2026-09-01,0.8396982249878122
UClpc-7ejy_cntRdmrFLbOfg_2026-09-01,0.5687037082660296
UCn3lLusvOTVdtxZi0EHlSTw_2026-09-01,0.8689518192434432
UCoovEJW0dyTWwHiblWDWvyQ_2026-09-01,0.5198638395407665
UC2IYsRiATGe71sLIOlSXGuw_2026-09-01,0.5294568511991135
UC2f8VfmEF2_0-rFN4RNHaNg_2026-09-01,0.20796599012314626
UCJENagCOfjMxdQUDxO4kq2Q_2026-09-01,0.8173116578940192
UCklDsqQMGPYIMpIhQ5Jz6jA_2026-09-01,0.34893018406267085
UCI4wEWWBEElIbp9jHcFllTw_2026-09-01,0.5452036801977762
UCE3q8VKqIT_vOL4b9Nl8chA_2026-09-01,0.5129557688704549
UC1p5kp09LAS3kpQB3O8YQJw_2026-09-01,0.988853118480705
UCIzbqIyEUxtFLYh_sCDoXpw_2026-09-01,0.5079086411415837
UCh7XUfZEEV3pct5zDjx6OZA_2026-09-01,0.5477942544984893
UCiVO_mThS9B3tNc_kzpn-3g_2026-09-01,0.39718967403235317
UC0E_zsPAziGgkxaAtwvmFAA_2026-09-01,0.12931853996284093
UCKHx_yf3dI2ajWAjXRJ_9Rw_2026-09-01,0.5067438696741439
UCKiCT33Gmj3mlJ5xh-9ZUqw_2026-09-01,0.7546064980319034
UC2t5bjwHdUX4vM2g8TRDq5g_2026-09-01,0.24461257418281496
UCKmOaDLQpgbsmGsHpV9688g_2026-09-01,0.8483871838090422
UCPPuXI31ybWYB560T2uAeMg_2026-09-01,0.7422268806268593
UCMgTCM5mGx3y4Hg0aMOXrbw_2026-09-01,0.6191924568651472
UC_EEqHc75kYwzrN7L8T2Bfg_2026-09-01,0.8386802139040022
UCsii9gve3wx7kHDfVlM2Stw_2026-09-01,0.6214433828847148
UC7wosSPUA3os3b3-RMZZe6g_2026-09-01,0.7114435417975977
UCC1veMJY2wElX0lpYOoNB1Q_2026-09-01,0.47619716046633104
UC46X_E7jxvJ1O_3gnaeCxeg_2026-09-01,0.025319661930544538
UCkmUJzaZfP7Wsb5-89pAK4Q_2026-09-01,0.7740487941001147
UCkpKYfb8wM67QnKxBj9bZXA_2026-09-01,0.3319525817049955
UCktXAh1Sd7wf8eQHc029-8g_2026-09-01,0.7917206106000619
UCql_fqTxryFKW7jukEvNoCQ_2026-09-01,0.8288535473887575
UCIQEX0V3QxP-tY_jpRT-waQ_2026-09-01,0.6826277739001325
UCFvdXoI9LTADYG07s4pMnhg_2026-09-01,0.6075717736393446
UCHoo90P0hvh2rrbGvX53G0A_2026-09-01,0.7724154691881229
UCms8Ge7H1ZGgw6nV94fUhUQ_2026-09-01,0.3160621876372656
UCtKNP4UGUA1ybxJJcTC_GFA_2026-09-01,0.7369043204803418
UCFiHjGyrJux8Rt4e6mUPU-w_2026-09-01,0.6269731349758235
UC9M8GGVwPqc9ubNruArCNPg_2026-09-01,0.37910561811477317
UCnDcpS7XLQ9KFPqULb9TH8g_2026-09-01,0.19479268526727173
UCxDq2kGOt3h2_ilI0Wih5dw_2026-09-01,0.7158299000695116
UCBkvEgeJ3_UMwbW7VCxzs8g_2026-09-01,0.5799991451795379
UC0wo7SwsC5dE0nSgBs2M-3A_2026-09-01,0.43583672797912
UCzHnjIeMxo1gViogzN9xMLw_2026-09-01,0.8488626109126416
UCaN1Qp37sHiCdQuSaXa3fVw_2026-09-01,0.8741391260102989
UCtIbfg_6gjbdFqCqAiUcqyQ_2026-09-01,0.4417982956022432
UCEJF0q0SqEJ64uA9LCXuSrQ_2026-09-01,0.9010759081584738
UCaZv-jDn5Mq5KJ1buXDRd4w_2026-09-01,0.4226957065230731
UCDmmbxGg8g-EBkC_ku6vybg_2026-09-01,0.3740780142954079
UCpAZLM9XMzIbqFucUBD8Jtg_2026-09-01,0.8969166664447695
UCe-7GwWL1XNlCJyfqBhgrHA_2026-09-01,0.29794439846590104
UCnCeDIkExSpULGqmpj5oafg_2026-09-01,0.9574320614363032
UC2YA1b6qKO2YteKYFuMiYPg_2026-09-01,0.7512076574420408
UCW1FuNP_2X03y7H0HIujOTA_2026-09-01,0.6823969420986946
UCGX5t-qAZjL4xl5xZ36Md5g_2026-09-01,0.7942216636362398
UCvsw3aXHnikw3MVGSwOICxA_2026-09-01,0.7423627152055725
UCHXhFmex5EkUy-fP2IMQ_Ug_2026-09-01,0.50261271179424
UCmvMUe1GqpZFkj1e-V532LA_2026-09-01,0.8188887248748415
UClFSQxcVutJFEI9nCAOOkgQ_2026-09-01,0.8071387105068981
UCXb8sP7slkJyunTEAsP-CiQ_2026-09-01,0.7121238690217648
UCR0aLp4aIvxS07g6rGWZr_g_2026-09-01,0.6331342955876319
UC6tlo9WajrgiX3Eej_jEr2A_2026-09-01,0.2770387495668086
UC-StHq1pWM-t4XS9ycZpn9w_2026-09-01,0.5766827728279751
UCbYO4SBywZ2oWv1u309oWmQ_2026-09-01,0.7670017964485971
UC8MgGtsJazbztr5eGWiqUXw_2026-09-01,0.7776527273925469
UCE-6-bWkikwoP4_ooZNep3g_2026-09-01,0.3024192612169012
UC8CX0LD98EDXl4UYX1MDCXg_2026-09-01,0.20315465314952802
UCKY2DOkLOyPLlvGHI3XQw0Q_2026-09-01,0.6387501075839517
UCLXI7tT4pHH222QgpvYx1jA_2026-09-01,0.7446661411356984
UCo77zdYpvhgUsdP0Z0vmz2g_2026-09-01,0.990722993882202
UCdZrsVZ3QolU1TWFaDgN2ww_2026-09-01,0.8314348990783227
UCEjXNNB9IKEa4HfLQVt8VEg_2026-09-01,0.705834970540711
UC4VWaR3R17Ruc7j1Cy1-PKQ_2026-09-01,0.9119053084979143
UC3ozN5tHi449NhCDE6Xtmwg_2026-09-01,0.3890625890566432
UC3gl4CHfNtAqNjju1goB0_w_2026-09-01,0.9432108228907208
UC3_QWAvQRhPW4CDoQU8acKw_2026-09-01,0.015113861867434564
UCAJ-meoCh1TrPZ7La3UpPrw_2026-09-01,0.016594412597748985
UCpcTrCXblq78GZrTUTLWeBw_2026-09-01,0.24280037649216232
UCqI5lyTpC79pOy2D-VXAMdA_2026-09-01,0.03714458409376307
UCPI40-XQA9-GBGj2k8PPqfg_2026-09-01,0.011383417748282033
UC8FErYSi74YwGUAoTpjvgzQ_2026-09-01,0.8522633126906769
UCpX86JOUhnrzG7MK8e8Gjbw_2026-09-01,0.10010912812449282
UCAtGPbK4AWmeoaREsNLLZhg_2026-09-01,0.2867839273951396
UC8rbhIem-3aAsNXhTDI-nSA_2026-09-01,0.03263891892105018
UCBY9rOZPo0fLE45mOV0s0cw_2026-09-01,0.746046798627733
UCS3_H_feQRm4QbXipKTvSrw_2026-09-01,0.23984928847171622
UCVZI7eLie2UlZph6aiBRNrw_2026-09-01,0.10967678326520361
UCnV5tUnOVGyT-Ncj0s0tPTw_2026-09-01,0.5699380148919405
UC8CIM3d3zDYMk-3T5aAz0yw_2026-09-01,0.15159053695445635
UC8CZL4cvFiKwKKDNCuM2lTA_2026-09-01,0.402264863089546
UCo33r3SAf5z9MS-lrXV2aOQ_2026-09-01,0.07522097188322714
UCoSniqkitCpxlHrQd5L8A1w_2026-09-01,0.8169581558394662
UC9jOsXFn3RwXEW3qUyySjAQ_2026-09-01,0.8298308843121918
UCBA9XaL5wCdHnC5EmEzwrqw_2026-09-01,0.11578422997048911
UCpCBP5cVIBvezPI1LKFMYjA_2026-09-01,0.3007412528095935
UCt8CJiye87FMbEwt0npPMuQ_2026-09-01,0.6698482642445773
UCAl4HWznMn7KhKBRFO5eiFA_2026-09-01,0.21003329581135569
UCYooECrv-fIXlPaDwEIaveA_2026-09-01,0.05468603299067626
UCvAetSOU_4lyjM5hVMNzN0Q_2026-09-01,0.4472445679049497
UCtt0Hg9MhraTkzWwNQpplHg_2026-09-01,0.4215374263087658
UCrR_fhiJjoW8OJFzUcmlMMA_2026-09-01,0.35134513695237424
UCuwnt_REmD4YsCtFJRoqjFw_2026-09-01,0.0571622043703869
UCrKSaegnzewdj9-YLsUhoZw_2026-09-01,0.13209464621382155
UCabScupufwcOzAdcVXZrmlg_2026-09-01,0.5911987907796465
UCYsRymb9vAsOOLBy-Wo1kRg_2026-09-01,0.7752629021823452
UCZRH94I89Ps7giJYeK6DlWA_2026-09-01,0.1354766152326459
UC3DYSay178fMMPaf3zHwECA_2026-09-01,0.2224544192699461
UCDbOXmGL7EkmOcnUb5Kki4A_2026-09-01,0.27412307341126807
UC08-hQbwh7eyr8PlaYG2-sQ_2026-09-01,0.16193949712321315
UC-8S20Ll1gzPiu_YY8BgyaQ_2026-09-01,0.07429893363548018
UC1dG3vI9FfHnH3YgyeKUz_A_2026-09-01,0.009590378941607672
UC2NFRq9s2neD_Ml0tPhNC2Q_2026-09-01,0.13815427189514232
UCI6Ro_MOr36re4Bhb7nCY7g_2026-09-01,0.5152641170938008
UC6JB_a6rD1lZ_aZgQvORfrQ_2026-09-01,0.9469506717482372
UCKVt3arMXfa6XZezR1UnjqQ_2026-09-01,0.3868424466913581
UCTK7GGeH0c9INAEnV2EfD0Q_2026-09-01,0.5279274755803747
UC3hqiw3lZAXaMwhQvMGZkdw_2026-09-01,0.5184240350780607
UCvUKUkIM67eWFbQemjj2-eA_2026-09-01,0.22085977674009283
UCzRPPKLkNxjD2of-0Xxfnjw_2026-09-01,0.432989571266647
UCw-JzmPsjRcbzJLncr4pIIA_2026-09-01,0.10261709328993775
UCXAXCxTCCYYKsLJNzEvjqfw_2026-09-01,0.07798131466391137
UC699Y51pMl0wWLPA4atcZjQ_2026-09-01,0.6195186832527508
UCyAA-Vj4ORjXl5Ui2m6_Llw_2026-09-01,0.49245991237820097
UCzDmGDR5RdahQkLCBoWlTEg_2026-09-01,0.24486269185522566
UCJYdIDfGkqXTsQq5aW4md0Q_2026-09-01,0.8510087535450752
UCNu00qhYj4nPeMNdxuwV6sg_2026-09-01,0.8223142734829163
UCPJGXrPIVKBR8PJY7w33WZw_2026-09-01,0.05508849010131811
UCmiTZyj9GwMjyznZxrgCH4Q_2026-09-01,0.10057903170725906
UCaMV-CjrWYh2Aefg_8iLwJQ_2026-09-01,0.1449007535999705
UCYjNEoVziojh1ZCum1q0PNQ_2026-09-01,0.4504255747461521
UCXVVG5ZM3SJJCh94xatR8Dg_2026-09-01,0.5478580089567864
UCd-Ziz8pAMZBWl7juEghsag_2026-09-01,0.5111620464470957
UCN9VGDvz2M3vdR0czEUp6lQ_2026-09-01,0.7312660863905639
UCN8L7Z-dyzu9FzT39RM0fvw_2026-09-01,0.052952577554737285
UC_yxsHiFh1_j174x4AxICSg_2026-09-01,0.3924906821524864
UCg7rkxrTnIhiHEpXY1ec9NA_2026-09-01,0.24837146510235686
UCgWwo8FJL3MCxfd66ip7nFg_2026-09-01,0.10979903673998323
UCyoSQyaCrZHro6F_nBiXIYg_2026-09-01,0.012492300826107257
UCvjzWMh2bihwlIN-WRtddkg_2026-09-01,0.9424870933965164
UCeG0ONJtjwE20ThR5iSYdsA_2026-09-01,0.09463986183992991
UCd9oeoY-jLSkhd-J5y_1aYg_2026-09-01,0.9836301464281617
UCePy6AqRuTfKDC4aTrqcAqQ_2026-09-01,0.968701497097056
UCbeQg95cAxVRsxxh6FyilxA_2026-09-01,0.4797216550789527
UCO8ToDSM2Gvt3EZdOdosxTw_2026-09-01,0.16444594114113495
UCMswODzU1ZjjrLyUk7NfwPA_2026-09-01,0.23751871267910368
UCMpvRMwoq_WmradKdysk6Cg_2026-09-01,0.35087820317298957
UCXYNuWjnQRSAXCGl9gv8Ncw_2026-09-01,0.09867378954224026
UCSgvQDek_7CQj08fu7kp1Iw_2026-09-01,0.12188610177745032
UC7loyhgCm1NRTtyF36hO-jA_2026-09-01,0.4873920047739415
UC8x8GQmlxAIhHxzU61z0uLQ_2026-09-01,0.35343293468019793
UCBW_PhuXoHk40xF6nO0Q64w_2026-09-01,0.8724717468549361
UC9JlObZnbOirT4_iyPGrdcw_2026-09-01,0.3096703126124658
UCB4YEVYp6LynBpz7bXyZsTg_2026-09-01,0.6321585158632514
UCF-rFAdN7dzd-SI2T3rkCaQ_2026-09-01,0.3574094178212235
UC027x98NgUBw9K4aPT8k0mg_2026-09-01,0.32602579627681877
UCuCmLrNT5MbpqfrSSKHqTug_2026-09-01,0.40207343431833165
UCCd3jyJmOFzkJEMj5Bp89rw_2026-09-01,0.41741579978544585
UCGa52d8Qlv3THghuCAt_nXA_2026-09-01,0.689425588887052
UC-FiQR2gg8oiNw98ZdsSX6Q_2026-09-01,0.6937583755831966
UCooLkG0FfrkPBQsSuC95L6w_2026-09-01,0.5319449157183218
UCpn9dP1b5BhBsU9SduEz1hA_2026-09-01,0.3677242015295593
UCCvEN8bTeF8Z2jcN513T1Gg_2026-09-01,0.5684649960117594
UCBvkOBLsSj9kusGYlroQkBg_2026-09-01,0.1438647971042239
UCQfISxq5legTqOt1h1us6lg_2026-09-01,0.8765316021495234
UCdm06VHBWF5Mg5kYxffzikw_2026-09-01,0.7688794516452824
UCQhIdo5nRQY9DB3uo7vawtw_2026-09-01,0.9793035759285034
UCawK5EIfr66Z7fjAlZgfB2g_2026-09-01,0.5249506181415444
UC4P7F8qenDo1O_5NvgBb_cg_2026-09-01,0.007918438629617929
UC5H8Wt-1q_tnn-m4tDTqbUw_2026-09-01,0.7038886714360242
UCQDGJQe8X9tbk_i8Na3VVXg_2026-09-01,0.9926919742286318
UC8Xz3BKjDvQk7lKhH7Hi9nA_2026-09-01,0.5138564586206585
UCF5RrlbsxJjAVLWgOCoNHMg_2026-09-01,0.320195148100818
UCC1LvVTX2ySKYjeIXkAtvsQ_2026-09-01,0.19728172778462044
UCCW6uYIUP4YKKe50k-ktVAw_2026-09-01,0.03156844526605543
UC5T_FfQwgy56XP0aEVHYULQ_2026-09-01,0.6582967101819296
UC60HSePkZwGFzRj6VSDa6Ew_2026-09-01,0.8809679618155664
UC72PuhDwKtZ5MikpGNhPAtA_2026-09-01,0.4208950993607277
UC5bjQxLK_3XVzIOTQ04sYeg_2026-09-01,0.8653746023335537
UC6oq8RPEH1BmtyldQgXVbJw_2026-09-01,0.5959803885422563
UC5ScPjbt-a97AJO7SBj6nAg_2026-09-01,0.29608786165634826
UC43hOVGChFuQRV47vxc_c-g_2026-09-01,0.7635392093848481
UC5Yx9RlmznXDUEIrfoSqheA_2026-09-01,0.6105252390428423
UC6YqXiwCBfPvPTs3wXgWElQ_2026-09-01,0.3187187754961534
UC543-TDm6IvHHZXwdSFioMw_2026-09-01,0.2544905134584594
UCk5mlvpbj8CZxD229CpiouA_2026-09-01,0.7204180202272206
UCk5C4AR3uvmKwZYkIlSobbg_2026-09-01,0.30360572552024134
UCkcaRxpTcisadUeCbHOYTFw_2026-09-01,0.31768233353153597
UCs0LzOveQMLImmmTrMmP2sg_2026-09-01,0.07589776931799429
UCkavlo6q2XfO_MA9Q24wRvw_2026-09-01,0.9078467935297071
UCl402YYy7RcH7PBI3npmGPQ_2026-09-01,0.12634090130681058
UCs-JvUOu6kEEO0BcTFhUErw_2026-09-01,0.7418683772999681
UCt15X5eHLwyP8PpNtQTkuDQ_2026-09-01,0.1004758850241595
UCsRiYH-VrZ2mYsohk7GhLdQ_2026-09-01,0.20447369381027491
UCt6Eo4xMTHhlOWg4_PAz_MA_2026-09-01,0.8312075133239665
UCtRiSpvkhtRXaSjVjEB9LKg_2026-09-01,0.8184317382121078
UCrD6viwK0DHbQuZSOZBbofg_2026-09-01,0.2580185461235811
UCksGX0hODm1Ev6mysrToMqg_2026-09-01,0.4190693996890609
UCV6mNrW8CrmWtcxWfQXy11g_2026-09-01,0.3335148643870787
UCOTJtP0Z9DjpPU43B5m1V6A_2026-09-01,0.14992129136680032
UCKttwyzsHvW7bCo7YfTacVQ_2026-09-01,0.8996842052612211
UCK8iWEZupSV2pmDMxtwdAmA_2026-09-01,0.8118137302405656
UCR1ctqL11HoxQkbSkoUAYeA_2026-09-01,0.47933337740441934
UCKYqtXYbSqaEwBmX43Q13Tw_2026-09-01,0.8635139107133252
UCMo4MnhHhSDkiUIXS6dytTQ_2026-09-01,0.6355834049832818
UCw1DsweY9b2AKGjV4kGJP1A_2026-09-01,0.3267906861846518
UCUR5w0E-jQTOO8Q0FZ4ilYQ_2026-09-01,0.024690097941211693
UCW_Ptq0v8ck67w9oKiwXz2g_2026-09-01,0.523323866898761
UCdF0eCyf5np3lPO4y1fJVdw_2026-09-01,0.6176306693356247
UCJGww2K__Q3y-MtDi0XWH2w_2026-09-01,0.029912204301540103
UCJZsABKjWUGbT0qf3MsXH8w_2026-09-01,0.8937238578493689
UCMF3M48BakI-ptofqoUqdAA_2026-09-01,0.6690408303318898
UCZ49HaU_D0Tlf1aDA2jU_Vg_2026-09-01,0.11845530939416313
UCoQU5wtIxq0QGh80NHky82g_2026-09-01,0.31730547607072923
UCpTNtH8yc1Kdl_YFfsQsTYA_2026-09-01,0.5559645749858927
UCdXpKf3aIenvWkMbF3EvcQg_2026-09-01,0.5511368079349663
UCgjaQlejpAnIu0q-xtVfTEw_2026-09-01,0.1647575957619633
UCOaUB8RzbLXB7QZtCmMO-8A_2026-09-01,0.3899024706054415
UCgT-gb3favw2jQgwxbbwwaA_2026-09-01,0.09802782560156725
UCos3GN2gX0wLcfuhOAiMotQ_2026-09-01,0.16780233282699908
UCOLDn9gw0yegXRgjoi5MzNQ_2026-09-01,0.8574324215936284
UC_8GOc5dWX2Kpb74_nQ7vSQ_2026-09-01,0.05471996558586119
UCi8fe6P0_tLeZ1r31wOydvw_2026-09-01,0.5878797928102336
UChLqHuZV0PENIBYxDgXyPLQ_2026-09-01,0.662305330197262
UChfs1dQ5phBDBWZJ1hHLbUA_2026-09-01,0.030741518203666763
UCj5Y6sl23ln9PL6OiDTL7Gg_2026-09-01,0.9799725012500868
UC_m_uqd_9s0hZvlgfvCzqbQ_2026-09-01,0.8224224175292498
UC_9W6Z5Y3lDpLk47Y_y5ITQ_2026-09-01,0.10653324565118703
UCoqMTw0yGmjIjNayukuOg5Q_2026-09-01,0.41342929540416873
UCim7oePrB5hdfhcYwgUY6Jw_2026-09-01,0.419390589883551
UCcvKf8NxAw9i09hZw1MQPBQ_2026-09-01,0.13015374409732108
UCjOtzpfj5lF9erwTEQYkxtQ_2026-09-01,0.12233145626107797
UCxPMcxq7WJ32M3lnFn58Cpg_2026-09-01,0.44013710596338074
UCPa8JSV9SPAjX7P2S-N5ssg_2026-09-01,0.6295520768704269
UCPsZX-D7LW99PjZLA-UysPQ_2026-09-01,0.8452064986768358
UCpnnUKmAQKgVinEV-lV-N2g_2026-09-01,0.2318253115245441
UCtVBI7YLJyDvrx7iWAukx_Q_2026-09-01,0.3215419544065294
UCvx8JsZvDVER74lG39dN9nw_2026-09-01,0.6767267032759807
UCyEIUlSKbzCt3ElAsPFb7EQ_2026-09-01,0.568556537267594
UCVWAdUQGUiY2Kzh0JoB5PtQ_2026-09-01,0.6390346836023131
UCUae69frfqpKOB3BUMdX5Qw_2026-09-01,0.06225382430953018
UCdvY3MgO_BGrNbhbmxQC73Q_2026-09-01,0.8777339364028136
UCWVS5IJOkNnkKS5rjiAt9rw_2026-09-01,0.5369234177807598
UCp9skQ2mP_DfVL8c3gZQUzg_2026-09-01,0.783534694457374
UCz1Gc37nWsdF_jbJ_SvMl4g_2026-09-01,0.6377920371165053
UCYM01qjjE_hmqFQAmOo-lNg_2026-09-01,0.9846645527157689
UCXu_CcxBZA5S_iG33OzA9PQ_2026-09-01,0.8684995954030785
UC-okJdotaXPlzivRzHFqzuA_2026-09-01,0.20778571837101054
UCyZtdaxIiGb4wp5AmkEMrwQ_2026-09-01,0.6165586526995235
UC0FUMakBJHsRrfKCGQuWnRA_2026-09-01,0.07192580922312627
UCWwbZhw5M-Q5dZtTK4nDWNw_2026-09-01,0.2988605323534325
UCYGK33LxFlgh9QtmvCYMR3A_2026-09-01,0.5402664645895481
UCRE-9quk3OT2OKgZFAgdN_g_2026-09-01,0.6832504540877775
UC0-ZCUCeCQBwKU15x0Aqk_g_2026-09-01,0.768197243998219
UCuaizlkqA5hZ_Dt3kAQkW3g_2026-09-01,0.7791103288062708
UCVZ0SJNurJAv-6hV5VEGB2A_2026-09-01,0.11228101705770252
UCX11f6rIVaoWGvFnKKyPBNQ_2026-09-01,0.7848911701257114
UC-Pn1i_ot4qmG4l7wMZPvyw_2026-09-01,0.5115194942488347
UCSrQnB-Ip9hc0biFQ3HoKzg_2026-09-01,0.31286968074921295
UC141BuVRzSSXJX33Am9yxEA_2026-09-01,0.23070781779903002
UC1q4Ihlv_YhLELw-ijE0Diw_2026-09-01,0.03817367158331726
UC1aBdmKvC6yAiq4xgPLOzKA_2026-09-01,0.49494213297331247
UCLJNL66b_LytPcZovqz5pkg_2026-09-01,0.8683499898559779
UCnCFD3met1Ip7OngdF9TRDg_2026-09-01,0.32735095763087463
UCSOeJWyByeoBHpmrm0NnlLw_2026-09-01,0.05674513486043959
UC2_VPutZK0o_tG8ca_QrQRA_2026-09-01,0.10574081787074083
UCIvLQ5lZ2kebqnLaGv_FP4w_2026-09-01,0.6546976778730571
UC8aCmG_y4DqqVI9Xlcym1Jg_2026-09-01,0.8116176022123347
UC5pdoCANExIVI4yf6DVoxew_2026-09-01,0.8318810196665664
UCI3DTtB-a3fJPjKtQ5kYHfA_2026-09-01,0.5507174960043486
UCjgTdV_oYP0TrrajTJLH33Q_2026-09-01,0.90465666863499
UCbvvdVOF0teLO-U6GWh1RKg_2026-09-01,0.7967752645706832
UC6NXJtCn3p-actkvBUlHwDA_2026-09-01,0.3237883593355063
UC8E29ANOC3_OuB7_5EPY2xw_2026-09-01,0.7239160128595985
UCU0-6z_KU9AShyR9J6gcFGw_2026-09-01,0.8132037367775355
UCQ5KMP03ifjJ8mDeyjWeZ7g_2026-09-01,0.6123517913713086
UCRCK5FCJtomQT3b88jXI_DA_2026-09-01,0.542051421543051
UC59jWhPazXYi8Ny4vake45A_2026-09-01,0.44565360309034685
UCT-UsvGz4gm7lezXvCEex9A_2026-09-01,0.9769083337668666
UCN8YcyYvYIrtLcwyT-KqbNg_2026-09-01,0.4437719649733045
UC9nWoDbRAl3-fvreBNeStKQ_2026-09-01,0.7987927321029475
UCAhmOb9JWkI2HV_KIe9X_3A_2026-09-01,0.7372221125120858
UCTUnpbuKoOODvhLhCO_kO_A_2026-09-01,0.7912508696824436
UCZ-B_El841ME7qGXvYinGmw_2026-09-01,0.648052434484944
UC9vI-9WYQLXKI6n9XdXXo3g_2026-09-01,0.24108787612420177
UCAGUSx1hbPKDqzBZH7bTjiA_2026-09-01,0.12101324196608874
UCB4gIGaPUiLtpPreFSf8fKQ_2026-09-01,0.698669456552026
UCNRnCc0hg3ZcKdOGXKKv5Ww_2026-09-01,0.5987332143018491
UCS2OAdHoLt-9T6cG9A2H49Q_2026-09-01,0.2666126768857424
UCAVR6Q0YgYa8xwz8rdg9Mrg_2026-09-01,0.1984338497863246
UCPpSXwAg3hkSpa85Ah-dpgA_2026-09-01,0.9207176574583634
UCZHBZUrLKMoL6FxpvdRzhKA_2026-09-01,0.6549286392755749
UC_e83kYlGHWbsrr8QCfV_ag_2026-09-01,0.260148120620888
UCBidluUUxzT_5jVOI_2x2MQ_2026-09-01,0.8836555803609244
UCdT2nXooUR-X_MdmbER25yQ_2026-09-01,0.249089217148903
UCb08r5yPoH-AqM7_XCL4Uhg_2026-09-01,0.6848609094535625
UCcNdwtZ7ulFFxngmnzsWQNA_2026-09-01,0.4433466310422492
UCbItyvYa6cqvqtwlU2E9-wA_2026-09-01,0.1944708273306617
UCcdlIcleb4oIK6of1ugSJ7w_2026-09-01,0.12009343878843817
UCbIQGH_oFu0yfTWNPyquvpw_2026-09-01,0.7360336021150085
UCkvz_CZlthtVo7E2sGa43cg_2026-09-01,0.0810670574664415
UCCiKOocVSjyb2rsbL_Aanhw_2026-09-01,0.2138381340438502
UCFHUplScMiWTjJrtv4hxWmg_2026-09-01,0.05244433022972067
UCF7IBIvHZ2be4Ufo8i0uHBw_2026-09-01,0.2623393118369958
UCFVRXOqBeh8ynDdYWztewXg_2026-09-01,0.9169399698503364
UClWTMxooQefOLUV0TRcJ1Eg_2026-09-01,0.6128702746377341
UCmZeuRfHYowZhf6odtoaNdg_2026-09-01,0.2426559574400533
UClvMduw1MDMQ0PuH753-XSA_2026-09-01,0.7356710903185298
UCGVy07wZs8W-EpKAGchrmCQ_2026-09-01,0.4914723557811287
UCFsJVl9V9fSIZA1uS3gMu-w_2026-09-01,0.2998581073516068
UC7SIaeUWuuIrWTIOBpayDVQ_2026-09-01,0.3874141269926793
UCbFLnCfOet-u_kFyA7uX-9Q_2026-09-01,0.06695596336828011
UCHYMpkGhNIr8A0m2H3lIjUA_2026-09-01,0.13728166249009566
UC78d2aaqdrt02RfmtRLmlAw_2026-09-01,0.5778147983687447
UC7ikVsVGGrUy2RD65w-awng_2026-09-01,0.7178627485334107
UCCs1YZHxUTIbLZd-xrvvMCw_2026-09-01,0.13806574863039564
UCpwGBltfwjd_fIzp5cb5R0w_2026-09-01,0.3159712800031559
UCIOY-akTwtohcU0QB5ksjaA_2026-09-01,0.7743091070521197
UC9DNu8JRIcE-rpo9eBx1ffw_2026-09-01,0.6141078952301566
UCg5-nd3qoNnz5dzkX-O0b8A_2026-09-01,0.3352606571535333
UCqRz_-l3GCmWb92u8P33RYQ_2026-09-01,0.25993243223841445
UCroIk85IFzp6OZzKoJFDKuA_2026-09-01,0.9028912230772687
UCqlcSsDNMYxEsem7bWY-66Q_2026-09-01,0.09088094789321827
UCvfEv6nBnL0QlKqyGmL0orQ_2026-09-01,0.2536402357171905
UCZFGZ_LhwgiTxaJzJ0QGdFw_2026-09-01,0.5809373736295219
UCgWOZQvFZhGuqBCtjmee0XQ_2026-09-01,0.6839577551612914
UC9bicYGdrx2YllCCg5H81Cw_2026-09-01,0.367350433589525
UCE8JC9RAVSudDT_8Ji1fuPQ_2026-09-01,0.02434532440608536
UCD9tj7ATjYkyPyWXK_ewNXQ_2026-09-01,0.9340616454540004
UCi_lv3g-CPdKF6nd68lvN3A_2026-09-01,0.7502186709408831
UCUPa-gJcbYG9Ql8b9H9FBbg_2026-09-01,0.6196333898974691
UC-pobd8lZE33BSDz-iyHfJQ_2026-09-01,0.6500397142227865
UCYMXFMiaGBnZ08-wBHS2MPQ_2026-09-01,0.5243657744610388
UC2k1bSUZ4X02jMs_sTS9jiQ_2026-09-01,0.45425860867348056
UCN5oT4zGJX-_H6pE5isAEeg_2026-09-01,0.3558733191777209
UCNrQ0VbdprXAur6OZKexjEw_2026-09-01,0.09863990505830353
UC0uQYROl6H_8-Lb2bFz6yyg_2026-09-01,0.5172325626912977
UC0Zl_lyMoTbroBSNv7SpGuQ_2026-09-01,0.20239840631049982
UC2U8C7lmbQpfBeAW8fTP_jg_2026-09-01,0.23532692222697832
UCL_IvtOZo6sONpiydbzzHpA_2026-09-01,0.14622845849538157
UCKYdD83f363lIzcAwwhB-_A_2026-09-01,0.6899674947688759
UCNpcMizRJ73OJm48LszuytQ_2026-09-01,0.6579588948283797
UC2ja61Zku_rw3ZBfDZi8cuQ_2026-09-01,0.2735209618773824
UCJA6MZLzTeljmGNFaugdoWQ_2026-09-01,0.7525869495753026
UCKC4R6B8bTLIKH1V9PyD7Iw_2026-09-01,0.6907003156882949
UCJN5mgLqkPCTVC5v-12gKjQ_2026-09-01,0.7194016624323046
UCeAsj1O73pcqd-xQ4AZbJeQ_2026-09-01,0.9427502124460849
UCSGKRGHGqP8W11G-SxsMaOw_2026-09-01,0.49978863065682705
UCxVspLehsLr4bfqbJLFkS0w_2026-09-01,0.8486712292211204
UCyz5WVrb-cz3myY04x_kVYw_2026-09-01,0.9865562804803057
UCcoJiq6MyAqJeo3urxjDqrg_2026-09-01,0.9481584876917317
UCyoKcrOcBEY4rmLYkDuXErA_2026-09-01,0.04479935568714215
UCPp6kLLWggTuACsQwFibg8A_2026-09-01,0.305772788825831
UC_Cp4dXpd94km5Syq2x-xig_2026-09-01,0.7813969680293172
UCZphffYmr6WuJD9SG8xwM8A_2026-09-01,0.7350738776574882
UCcsC1X0SyiWcxBTbnjoZ9Ag_2026-09-01,0.6923735157650162
UCFCt5RYu41HTg4eX1jdHNxw_2026-09-01,0.4595966057956966
UCElXDMEQqlUnuyDbChjARWQ_2026-09-01,0.6085017780130371
UC0-sEWFXIymAxx0InClynUA_2026-09-01,0.2435048677007797
UCQePzo3_oRB-6RAzBioc6pg_2026-09-01,0.587934117857434
UC8chC5rneP-LHm43q-jF3oQ_2026-09-01,0.8838882680026109
UCCTw9N950kEoELFv3dRcWJQ_2026-09-01,0.8046248752814628
UCj7wKA4vwdzMP35lO5CCwgQ_2026-09-01,0.7639527714942163
UC8IxyKkhu4YUYK_c76AdcDw_2026-09-01,0.7818122900532665
UCq6bX1rAJqwt3LmYuHrDPqg_2026-09-01,0.7696819990801621
UCABvetlXpdOwFz10fCpJkwQ_2026-09-01,0.2443652989898737
UC_Xb6sEXAdNv9nHU4988vmg_2026-09-01,0.588004469115481
UCFJAOgvqcc3fPqdu7fTl-zA_2026-09-01,0.7542789076524008
UC3NIb2qVtwunRNmypsDpQzA_2026-09-01,0.2390559960264388
UCg5Ew4lj74r_ohbc4AeQj1w_2026-09-01,0.34360552505822256
UC6LLMkdyses2ugPRNEXutMQ_2026-09-01,0.37676804662589286
UCe0loHR-Vltq0GPHgYyzmrQ_2026-09-01,0.984442255212937
UCADf92tisOOh90hrZee4-LA_2026-09-01,0.46319424184670255
UCeiQKedLZob9Cb797XfsrRw_2026-09-01,0.3953558361847616
UCCoU5ViXgoK-_2neelNhQaA_2026-09-01,0.09259324789239477
UCIxcZWLQpP-mUZC6_Uljc_Q_2026-09-01,0.387664093828144
UCRLoyYlPR9ufzlbeI9lLDqg_2026-09-01,0.43649976661779466
UC1dHu9GhbHH7RcHKyJdaOvA_2026-09-01,0.06441490466245006
UCWq9wRjQXYC8i486uVLysUA_2026-09-01,0.1018168830169248
UCyaMGpNb-UiLHMY833ai7IQ_2026-09-01,0.6097692481668263
UCybn_0S0Ec6Il1ZhiQM1Vww_2026-09-01,0.1963106575967245
UCk1NTIlGP27bQEumkw6sDVA_2026-09-01,0.3842899192673471
UCkNUuK9EfixaK2HbJYZ5YrQ_2026-09-01,0.39303834940056
UCoIEwIHhW-1_roLnb5nK_UA_2026-09-01,0.9388441880317445
UCHJv9xBR9lkzGSIepie-T_A_2026-09-01,0.5616959010408253
UCfHlKp8w7IxpObWnHJtYRnQ_2026-09-01,0.9607042976924668
UCG3uX-OwJ82T3L3EhC3GPXA_2026-09-01,0.8799612835076868
UCqFmG6ofirSWvI9B8mwzvyA_2026-09-01,0.9709152057817458
UCXg-6b0X0sIMBDHhbyBuOQg_2026-09-01,0.7623877411255457
UC9qwDE50UcXvdplRNZKEoPA_2026-09-01,0.8468062729546657
UCTbwgCCBrI-4XU8b5B0uGPg_2026-09-01,0.20026243151569384
UCVqmxk6oNOHj9RFVo4uP_lw_2026-09-01,0.9016995855930416
UCXNh3eUHXEkL7h1w1KYQRKQ_2026-09-01,0.9481016586342357
UCIH7bdyhaJ0nD7jIcgqmQbQ_2026-09-01,0.565279841634088
UCTizVc_OD9jdhWZOnrQnUeQ_2026-09-01,0.7983813108012585
UC-ntxe7eU_afJWEpcTNlVFA_2026-09-01,0.43329203748680784
UC0vqyzJ-1l3AJl3IkKu0bhQ_2026-09-01,0.6034762407339491
UCJNEIbzzpRl-l1iGdD2BxGg_2026-09-01,0.6944190527043603
UCLbehOwlIi6QrfZNhC39t4Q_2026-09-01,0.1304331985864638
UC-DpK48x4bltMjHHChZ4zBg_2026-09-01,0.48645222150093126
UCTDBdmaY4m3ipZaLiYA6FWg_2026-09-01,0.5801421998283117
UCaCFlaIQAmiU_mLnZq5E-tA_2026-09-01,0.9688748327282021
UCRltQqhqu9nXMRLaX0f8Cow_2026-09-01,0.6756685689070687
UCOwgg4IVhPQtq6qtxEeX3XA_2026-09-01,0.7136270996204063
UChfA8Yu8dk5k78UzaM6tsRw_2026-09-01,0.3235771303102059
UCjiXXUsdl0F0aUkTbv8ZVTA_2026-09-01,0.7305701889842255
UCah0w9n_eAyjUBG7eHbj8vw_2026-09-01,0.15217143009766237
UCEGtfhdJiRgH98mVMEQZThQ_2026-09-01,0.4852185229383996
UCqEoc6yuYRg5CFG4NIG8euQ_2026-09-01,0.4235556028407428
UCEebX3m88Arwc91LPmEmTYQ_2026-09-01,0.3737598093203451
UCHZ9X2Nl3dq8ChEJgScmZCw_2026-09-01,0.36522275671592197
UCtjlhCmFXYFXC4uqg1flTBg_2026-09-01,0.6358656728867655
UCWZqSCSNZT3X8e_HyCJoXMg_2026-09-01,0.49383438429638593
UC6aF-skLT_1X6cdPJxVJXxQ_2026-09-01,0.3147457506372444
UCApYlKNymyHZ9dlOCImFVBg_2026-09-01,0.6311188455379834
UClHGjnruf4A9Us7CHVgLIEQ_2026-09-01,0.5357444642559505
UCWKOw78U77xw8alsPSW_AeA_2026-09-01,0.6653096345348419
UCNZiNM2pP6uhIlTQVS2Q5fA_2026-09-01,0.3684829654660753
UCm1JuixwDoQEDi5RfcRuHJg_2026-09-01,0.36007708741554934
UCAgZP6qUjcVjZsGWtW-l6lw_2026-09-01,0.7560478079610246
UCLuDznROytXtnMSDwo5aGJQ_2026-09-01,0.19444283792096884
UC3kVT7zilzGf_7fIEkc4dDA_2026-09-01,0.3097142246217857
UCsbo5VemDR505Etd5ZKnWNA_2026-09-01,0.5269686342562572
UCuetAJhNx1unKTXo7e1c0xQ_2026-09-01,0.7700166344113131
UCdtV_sB8WUWo-P_q3OwNfcw_2026-09-01,0.7038408423849871
UCNOj6xtKWCtPbjJV8XPlbLg_2026-09-01,0.40984097514314616
UCs7mzshFv0PbUMUM0x1Waug_2026-09-01,0.5208651785702563
UCkrJBQAut47U8xMUuv8D_3g_2026-09-01,0.42392469896581786
UC4OsulKlyGi0wY5h9D4JjBw_2026-09-01,0.4948897254188078
UCb3wpKfVlnPx2bym2Tivbzw_2026-09-01,0.7915837061413309
UCxtZZzggcfOmsW99gYkxsNA_2026-09-01,0.5706667369546624
UCrdRt77s53QWevhMYX-8UPg_2026-09-01,0.31092693005755534
UCop7QCLcdzTpcYZzMu1mFAg_2026-09-01,0.6188742371979609
UCppLE7C1TC4ovrGbRoTzsmg_2026-09-01,0.9004802823301383
UCulcJNJPF25ncT7GvJm6iEg_2026-09-01,0.35409577657138824
UCjk9szhhsAO76PdH450mZNg_2026-09-01,0.6421495229913566
UCd4PDK0JYfPf0DUeYZThguw_2026-09-01,0.5823526299257848
UCm-Yd-aYSagMqVdMZSYiKLQ_2026-09-01,0.7682954705189833
UCAZVLirygDNDfCNfyIVnTWA_2026-09-01,0.8712156972745331
UCZX4g_FvyOfyTIKxbMfKfIg_2026-09-01,0.7482357329356489
UCOKQpmfKrtu7Nu719CVSw1A_2026-09-01,0.4964144464549111
UC-2JsFNClcIesgd7UmtGnpw_2026-09-01,0.6505149796841094
UCijUV3SuVe_qErzBpdOmKIA_2026-09-01,0.7758592425762056
UC07QfC3yXeYr2SfIL6WXpOw_2026-09-01,0.8677023280219457
UCETJ2rkwgeYb0OojPNh-DRw_2026-09-01,0.665662333003634
UCCrqkpYfyGX5UBFyPx6bqKA_2026-09-01,0.9461646626730609
UCD7D_WRXbei_g6xXOZIhQnQ_2026-09-01,0.6645979142625087
UClSuqiIAACDUJrH3gb4JcLQ_2026-09-01,0.3513495912270264
UCs4CTQE-t9kj-6Xn3Cjtf-A_2026-09-01,0.7100917988773474
UCL3gnarNIeI_M0cFxjNYdAA_2026-09-01,0.38948491836240123
UCzju3TlIRi6tkO9o4gwXdVA_2026-09-01,0.5998269039657502
UCerhqgFd8dnypewC3yjAlbg_2026-09-01,0.7949405998516412
